CustomerID,FirstName,LastName,Address,City,State
1001,Amber,Reyes,8208 Gentle Deer Gardens,Salt Lake City,UT
1002,Bo,Clay,9676 Pleasant Mountain Promenade,Erie,PA
1003,Larissa,Winters,2015 Fallen Private,Norfolk,VA
1004,Ciaran,Bullock,9309 Lost Deer Key,New York,NY
1005,Rachel,Caldwell,7262 Cotton Pointe,Salt Lake City,UT
1006,Rebecca,Rasmussen,3862 Merry Abbey,Lexington,KY
1007,Benjamin,Foster,683 Cotton Inlet,Billings,MT
1008,Jennifer,Michael,3291 Indian Apple Ridge,North Little Rock,AR
1009,Zephania,Welch,2532 Dewy Falls,Cleveland,OH
1010,Joseph,Weber,8385 Shady Zephyr Wood,Saint Paul,MN
1011,Joan,Higgins,9866 Wishing Circuit,Fort Worth,TX
1012,Tashya,Powell,9500 Grand Oak Autoroute,Long Beach,CA
1013,Sydney,Mills,6270 Thunder Autoroute,Fayetteville,NC
1014,Danielle,Carrillo,4191 Colonial Panda Trace,Cincinnati,OH
1015,Lillith,Carson,2986 Dusty End,West Hartford,CT
1016,Ulric,Carson,5926 Colonial View Turnabout,Virginia Beach,VA
1017,Emi,Snow,5881 Hidden Berry Parkway,Washington,DC
1018,Hilary,Munoz,8773 Little Creek Parade,Fresno,CA
1019,Edward,Briggs,756 Gentle Oak Corners,Billings,MT
1020,Nathaniel,David,3561 Emerald Centre,Pittsburgh,PA
1021,Quintessa,Russo,6190 Fallen Apple View,Charlotte,NC
1022,Alexandra,Gilliam,3605 Crystal Treasure Limits,Rochester,NY
1023,Hector,Bass,5128 Noble Robin By-pass,Lancaster,PA
1024,Piper,Prince,3362 Sunny Cove,Los Angeles,CA
1025,Clark,Ferguson,2888 Misty Timber Moor,Amarillo,TX
1026,Jescie,Guthrie,4869 Quiet Vale,New York,NY
1027,Matthew,Williamson,7283 Burning Spring Mount,San Diego,CA
1028,Gabriel,Keith,7350 Old Isle,Tampa,FL
1029,Jena,Osborn,9797 Colonial Cloud Way,Memphis,TN
1030,Kylan,Frazier,5413 Silent Embers Stead,Albuquerque,NM
1031,Armando,Sykes,3293 Colonial Pine Glade,Baltimore,MD
1032,Nero,Adkins,664 Hidden Woods,Huntington,WV
1033,Gretchen,Barnett,6436 Old Elk Cape,San Bernardino,CA
1034,Hanna,Moore,4373 Heather Panda Dell,Pasadena,CA
1035,Lesley,Solis,909 Umber Village,Dayton,OH
1036,Branden,Rosario,3462 Lost Diversion,Stockton,CA
1037,Cade,Oconnor,9029 Hidden Cider Mews,Macon,GA
1038,Jackson,Espinoza,7996 Clear Freeway,Pueblo,CO
1039,Igor,Petty,3893 Iron Heath,Des Moines,IA
1040,Fuller,Mccullough,7642 Sunny Dale,New York,NY
1041,Cameran,Tillman,6591 Heather Dale,Salyersville,KY
1042,Rajah,Diaz,1821 Easy Acres,Pensacola,FL
1043,Mary,Chambers,5647 Umber Quay,Omaha,NE
1044,Kaye,Porter,2453 Colonial Island,Grand Rapids,MI
1045,Joelle,Francis,4893 Tawny Turnabout,Charlotte,NC
1046,Cherokee,Huffman,754 Noble Cider Trace,Columbia,SC
1047,Linda,Wade,8916 Blue Corners,Oklahoma City,OK
1048,Quinn,Bolton,9689 Old Promenade,Rochester,NY
1049,Mollie,Hicks,5912 Cozy Pony Bank,Miami,FL
1050,Illana,Ochoa,8737 Blue Cider Crescent,Grand Rapids,MI
1051,Teegan,Gill,1868 Broad Rise Road,Houston,TX
1052,Gay,Pollard,7882 High Beach,Phoenix,AZ
1053,Cruz,Waller,3023 Old Line,Memphis,TN
1054,Fay,Estes,4017 Dewy Via,Richmond,VA
1055,Deanna,Lott,4496 Colonial Isle,Greenville,SC
1056,Simone,Stevens,2717 Little Orchard,Pensacola,FL
1057,Cecilia,Salas,4199 Rocky Brook Terrace,Detroit,MI
1058,Indigo,Copeland,9201 Old Fawn Crossing,Idaho Falls,ID
1059,Ann,Evans,5721 Rocky Field,Carson City,NV
1060,Destiny,Hooper,3240 Green Nectar Terrace,Philadelphia,PA
1061,Dominique,Patton,2613 Round Hickory Plaza,New York,NY
1062,Joshua,Little,3229 Tawny Run,El Paso,TX
1063,Basil,Garrett,6655 Old Village,Anchorage,AK
1064,Celeste,Porter,5916 Honey View,Detroit,MI
1065,Kieran,Mendez,5140 Quaking Brook Wood,Chicago,IL
1066,Hoyt,Simpson,7624 Easy Road,El Paso,TX
1067,Davis,Higgins,5387 Little Lake Court,Dallas,TX
1068,Eleanor,Dorsey,397 Jagged Island Hollow,New Haven,CT
1069,Bradley,Rivera,9243 Rustic Spring Passage,Las Vegas,NV
1070,Mollie,Robles,2449 Amber Abbey,Lexington,NC
1071,Lavinia,Rivers,3820 Velvet River Turnabout,Milwaukee,WI
1072,Francis,Ruiz,8247 Broad Heights,Washington,DC
1073,Linda,Duncan,227 Cotton Parkway,Salt Lake City,UT
1074,Shad,Mathews,802 Sunny Chase,Van Nuys,CA
1075,Camden,Gregory,6795 Thunder Falls,San Diego,CA
1076,Selma,Waters,3272 Green Quay,Salt Lake City,UT
1077,Mona,Baxter,220 Amber Field,Grand Rapids,MI
1078,Sheila,Price,4474 Sleepy Glen,Buffalo,NY
1079,Noelle,Finley,7425 Gentle Embers Woods,Chattanooga,TN
1080,Laura,Church,8137 Easy Creek Landing,Grand Rapids,MI
1081,Cheyenne,Graves,9286 Bright Heights,Washington,DC
1082,Kevin,Mullins,1445 Grand Bear Wynd,Tulsa,OK
1083,Chaim,Fulton,6475 Dusty Embers Heights,Baltimore,MD
1084,Phelan,Tanner,5938 Emerald Diversion,Salt Lake City,UT
1085,Germane,Richmond,3655 Lost Campus,Las Vegas,NV
1086,Owen,Mcknight,5576 Rustic Pathway,Montpelier,VT
1087,Jayme,Medina,2985 Emerald Oak Falls,Brooklyn,NY
1088,Perry,Nixon,3849 Fallen Village,Bethesda,MD
1089,Vance,Maldonado,3706 Hazy View Corners,Alexandria,VA
1090,Sophia,Garrison,6308 Golden Robin Village,Sacramento,CA
1091,Ethan,Burton,2275 Merry Swale,Phoenix,AZ
1092,Kaitlin,Olson,4567 Tawny Rabbit Glen,New York,NY
1093,Lael,Blackwell,4565 Red Treasure Route,Ogden,UT
1094,Christian,Battle,8947 Bright Deer Carrefour,Trenton,NJ
1095,Emma,Schroeder,9846 Golden Private,Memphis,TN
1096,Maile,Dominguez,1838 Indian Rise Way,Birmingham,AL
1097,Rae,Dejesus,3691 Velvet Centre,El Paso,TX
1098,Maxine,Carver,3815 Quaking Freeway,Jacksonville,FL
1099,Illana,Mitchell,9271 Lazy Wynd,New York,NY
1100,Dale,Lindsay,4384 Middle Valley,Houston,TX
1101,Levi,Bass,4476 Fallen Autumn Moor,Shreveport,LA
1102,Adam,Nieves,5717 Wishing Pioneer Manor,Bronx,NY
1103,Tamara,Macias,943 High Impasse,Flint,MI
1104,Baker,Burke,6378 Sleepy Pine Avenue,Arlington,VA
1105,Ivan,Carr,5693 Silent Timber Highway,El Paso,TX
1106,Germane,Terry,3469 Round Log Wharf,Miami,FL
1107,Moses,Mcmillan,7047 Rustic Barn Diversion,Winston Salem,NC
1108,Sloane,Cruz,4664 Iron Walk,Atlanta,GA
1109,Kylie,Booth,3975 Old Forest Wharf,Springfield,MA
1110,Jacob,Estes,367 Round Spring Dale,Philadelphia,PA
1111,Breanna,Carr,5640 Quiet Avenue,Olympia,WA
1112,Irma,Orr,9281 Middle Zephyr Orchard,Los Angeles,CA
1113,Macey,Kelly,7794 Bright Dale Crest,Salt Lake City,UT
1114,Brynn,Fry,1453 Bright Byway,Olympia,WA
1115,Leonard,Jenkins,4395 Lazy Link,Hanover,PA
1116,Bree,Noble,7706 Old Pine Trace,Tacoma,WA
1117,Lois,Kim,9140 Rocky Chase,Reno,NV
1118,Candace,Buck,4488 Sleepy Cloud Corners,Columbus,GA
1119,Odette,Melendez,527 Hidden Autumn Carrefour,Cincinnati,OH
1120,Talon,Ruiz,3475 Little Leaf Route,Birmingham,AL
1121,Quemby,Phelps,3520 Rocky Fox Gate,Jacksonville,FL
1122,Brody,Flores,686 Red Orchard,Phoenix,AZ
1123,Cody,Sanford,1676 Honey Diversion,Hattiesburg,MS
1124,Nolan,Pennington,8408 Clear Grove Inlet,Los Angeles,CA
1125,Serena,Monroe,3946 High Beach,Cleveland,OH
1126,Sharon,Moses,3548 Shady Quail Maze,New Haven,CT
1127,Karyn,Velasquez,9261 Grand Horse Via,Arlington,TX
1128,Leigh,Woods,8916 Harvest Front,Des Moines,IA
1129,Brent,Palmer,2290 Honey Hickory Arbor,Chicago,IL
1130,Ann,Banks,696 Red Oak Moor,Sacramento,CA
1131,Helen,Jarvis,7828 Amber Gardens,Fort Lauderdale,FL
1132,Vivien,Ruiz,6034 Stony Bend,Houston,TX
1133,Hedy,Cantrell,3478 Silent Ridge,Bloomfield Hills,MI
1134,Montana,Whitney,605 Golden Grove Byway,Overland Park,KS
1135,Moana,Rogers,6371 Gentle Anchor Corner,New Orleans,LA
1136,Barrett,Guzman,4092 Foggy Bear Cove,Salt Lake City,UT
1137,Alexandra,Fletcher,6947 Iron Swale,Buffalo,NY
1138,Ayanna,Love,6613 Umber Alley,Santa Fe,NM
1139,Eve,Mendez,5801 High Sky Lookout,Seattle,WA
1140,Hollee,Christensen,7747 Wishing Lagoon Cove,Houston,TX
1141,Ross,Wall,2280 Wishing Lane,Reading,PA
1142,Amos,Dawson,4816 Grand Abbey,Fort Myers,FL
1143,Mohammad,Haney,4170 Rustic Timber Common,Atlanta,GA
1144,Desirae,Mcfadden,998 Misty Townline,Portland,OR
1145,Tatum,Nicholson,99 Little Oak Limits,Toledo,OH
1146,Theodore,Simon,3607 Rocky Timber Highlands,Louisville,KY
1147,Sage,Guerra,8942 Hidden Walk,Grand Rapids,MI
1148,Carolyn,Morrison,1448 Stony Corners,Bakersfield,CA
1149,Azalia,Bray,8236 Hazy Centre,Muncie,IN
1150,Noble,Hutchinson,5440 Silent Prairie Loop,North Charleston,SC
1151,Benjamin,Ellis,6494 Shady Lake Maze,Wilkes Barre,PA
1152,Melvin,Head,6848 Silver Horse Via,Springfield,MA
1153,Gary,Faulkner,4444 Green Campus,Houston,TX
1154,Xandra,Berry,817 Honey Embers Concession,Chattanooga,TN
1155,Kibo,Boyle,2574 Cotton Towers,Tallahassee,FL
1156,Melyssa,Booth,2723 Tawny Lagoon Vista,Baton Rouge,LA
1157,Vincent,Massey,1835 Honey Orchard,New York,NY
1158,Juliet,Whitfield,4328 Indian Embers Wharf,Minneapolis,MN
1159,Elaine,Workman,8968 Sleepy Campus,Rochester,NY
1160,Ima,Ayers,913 Silent Pond Corner,Oklahoma City,OK
1161,Macey,Skinner,4177 Green Rise Mall ,Des Moines,IA
1162,Stella,Sexton,38 Iron Barn Place,Fort Worth,TX
1163,Rebekah,Mcneil,3279 Dusty Pony Mews,North Fort Myers,FL
1164,Knox,Mcmillan,6383 Velvet Log Circle,Murfreesboro,TN
1165,Keiko,Jones,3886 Golden Mountain Way,New Orleans,LA
1166,Ivy,Whitaker,6579 Stony Abbey,Fort Lauderdale,FL
1167,Octavia,Case,7835 Jagged End,Port Saint Lucie,FL
1168,Ariana,Vasquez,7871 Wishing Robin Freeway,Mechanicsburg,PA
1169,Shafira,Velez,1081 Honey Pond Woods,El Paso,TX
1170,Brynn,Harper,7383 Tawny Spring Circuit,Austin,TX
1171,Brett,Blevins,8951 High Row,San Diego,CA
1172,Taylor,Roman,2953 Pleasant Terrace,Mechanicsburg,PA
1173,Maryam,Goodwin,2286 Burning Trace,Jacksonville,FL
1174,Bree,Schultz,5294 Iron Forest,Atlanta,GA
1175,Sandra,Little,5383 Clear Field,Sacramento,CA
1176,Madonna,Wooten,5840 Silver Autumn Round,Minneapolis,MN
1177,Pascale,Horton,1903 Red Leaf Line,Los Angeles,CA
1178,Chastity,Hanson,6081 Lazy Bear Dell,Lubbock,TX
1179,Lydia,Haynes,4977 Gentle Promenade,Salt Lake City,UT
1180,Joel,Carr,7368 Silver Treasure Alley,Kansas City,MO
1181,Steven,Perry,5904 Burning Byway,Pittsburgh,PA
1182,Amethyst,Shepherd,5429 Lost Prairie Front,Lansing,MI
1183,Samson,Lloyd,6773 Dusty Wynd,West Palm Beach,FL
1184,Ina,Huff,4218 Lost Thicket,Arlington,TX
1185,Ocean,Wynn,9318 Fallen Dale Plaza,Louisville,KY
1186,Darius,Camacho,95 Silver Inlet,Oklahoma City,OK
1187,Ryder,Pacheco,3973 High Private,Jamaica,NY
1188,Hanae,Macdonald,2647 Heather Butterfly Alley,Flint,MI
1189,Maite,Guerra,8061 Quiet Rabbit Stead,Dayton,OH
1190,Gretchen,Vaughan,2577 Shady Port,Memphis,TN
1191,McKenzie,Pugh,3120 Noble Ramp,Richmond,VA
1192,Dahlia,Sloan,3347 Honey Cider Bank,West Palm Beach,FL
1193,Mari,Gates,3090 Red Hollow,Youngstown,OH
1194,Dale,Cook,3771 Tawny Elk Crescent,Albany,NY
1195,Oliver,Prince,8926 Indian Rise,Shreveport,LA
1196,Theodore,Medina,6630 Bright Creek Heights,Houston,TX
1197,Wyoming,Carson,3711 Middle Corners,Boca Raton,FL
1198,Vance,Franks,6070 Pleasant Blossom Wynd,New York,NY
1199,Germane,Tyson,6472 Hidden Quail Crest,Houston,TX
1200,Gisela,Martinez,9429 Wishing Hickory Diversion,New York,NY
1201,Octavius,Tate,9119 Thunder Glen,Charlotte,NC
1202,Blossom,Robbins,7501 Clear Branch Plaza,Hanover,PA
1203,Whilemina,Noel,7451 Middle Nectar Passage,Pittsburgh,PA
1204,Jeremy,Mclean,2793 Indian Way,Springfield,IL
1205,Rebekah,Meyer,6947 Colonial Cloud Crossing,New York,NY
1206,Charles,Love,407 Wishing Oak Carrefour,Williamsport,PA
1207,Althea,Russell,9504 Thunder Island Parade,Daytona Beach,FL
1208,Madonna,Rich,3041 Velvet Bear Heath,Fredericksburg,VA
1209,Laurel,Gilliam,2947 Crystal Byway,Lancaster,CA
1210,Baxter,Cotton,6467 Merry Highway,Murfreesboro,TN
1211,Hakeem,Rowland,7465 Stony Road,Birmingham,AL
1212,Owen,Carver,2560 Crystal Panda Round,Chicago,IL
1213,Maggy,Cummings,2589 Lost Extension,New York,NY
1214,Keely,William,3589 Fallen Square,Las Vegas,NV
1215,Noah,Glover,685 Red Highway,Fort Worth,TX
1216,Laurel,Emerson,7462 Stony Fawn Mount,Winston Salem,NC
1217,Kai,Weiss,6275 Wishing Gate,Lexington,KY
1218,Slade,Morse,1698 Sleepy Beach,Fort Lauderdale,FL
1219,Brody,Rojas,4899 Silver Point,Jefferson City,MO
1220,Ian,Benjamin,8049 Green Round,Pensacola,FL
1221,Maggie,Gibson,4337 Cotton Highway,Buffalo,NY
1222,Naida,Phelps,9803 Stony Parade,Los Angeles,CA
1223,Taylor,Lloyd,6377 Thunder Grounds,North Little Rock,AR
1224,Justin,Rasmussen,8682 Tawny River Landing,Cincinnati,OH
1225,Sierra,Boyer,9037 Clear Quay,Amarillo,TX
1226,Melyssa,Burton,1083 Old Mountain Key,Washington,DC
1227,Mona,Wade,2494 Silver Corners,Fargo,ND
1228,Elijah,Goff,6511 Cozy Timber Glen,New York,NY
1229,Iliana,Huber,2555 Stony Horse Island,Chicago,IL
1230,Medge,Estrada,5033 Grand Glade,Louisville,KY
1231,Thaddeus,Bullock,7994 Cinder Mountain Subdivision,Cincinnati,OH
1232,Sybill,Cooper,3196 Foggy Butterfly Private,Springfield,IL
1233,Rogan,Ellis,8937 Heather Rabbit Turnabout,New Orleans,LA
1234,Isabelle,Melendez,3302 Harvest Mountain,Mechanicsburg,PA
1235,Dacey,Miller,1597 Harvest Fox Canyon,Sacramento,CA
1236,Martina,Rich,5490 Stony Autumn Dell,Saint Paul,MN
1237,Courtney,Mosley,3445 Hazy Forest Grounds,Pittsburgh,PA
1238,Raven,Donovan,3385 Burning Log Bank,Oakland,CA
1239,Bryar,Bowman,3622 Harvest Pointe,Tacoma,WA
1240,Bevis,Dillon,7652 Pleasant View,Syracuse,NY
1241,Imelda,Jarvis,4187 Middle Log View,Milwaukee,WI
1242,Benedict,Johnston,8379 Blue Rise,Austin,TX
1243,Yasir,Fox,8083 Red Plaza,Bronx,NY
1244,Ignacia,Jordan,5843 Quiet Blossom By-pass,Jefferson City,MO
1245,Nina,Paul,9952 Clear Nectar Link,Jackson,MS
1246,Shelley,Dejesus,9940 Middle Extension,New York,NY
1247,Hanae,Anthony,6685 Lost Grounds,Fresno,CA
1248,Mohammad,Shepherd,8758 Misty Berry Cape,Charlotte,NC
1249,Giacomo,Wheeler,6946 Burning Bluff Drive,Montgomery,AL
1250,Victor,Weber,9615 Misty Log Place,Orlando,FL
1251,Jerry,Barnes,470 Dusty Wagon Quay,Saint Louis,MO
1252,Geoffrey,Garrison,2928 Quiet Rise Place,Springfield,IL
1253,Cain,Sims,8557 Hazy Lane,Idaho Falls,ID
1254,Risa,Hughes,1261 High Road,Austin,TX
1255,Ann,Pacheco,652 Easy Prairie Townline,Erie,PA
1256,Chandler,Gillespie,9360 Emerald Hills Forest,Lenexa,KS
1257,Jade,Lopez,4746 Little Deer Moor,Portland,OR
1258,Libby,Petersen,4531 Merry Port,Honolulu,HI
1259,Shoshana,Walker,6134 Quaking Port,Little Rock,AR
1260,Nita,Snow,1140 Amber Carrefour,Tampa,FL
1261,Mohammad,Foreman,2892 Green Orchard,Dallas,TX
1262,Macaulay,Hurst,9155 Fallen Townline,Tampa,FL
1263,Stone,Bruce,6129 Sunny Dale Edge,Houston,TX
1264,Wanda,May,2247 Green Blossom Passage,Santa Clarita,CA
1265,Beatrice,Key,3000 Broad Robin Bend,Greensboro,NC
1266,Lamar,Salazar,2717 Lost Impasse,El Paso,TX
1267,Lacey,Glass,1633 Harvest Deer Edge,Louisville,KY
1268,Isaiah,Hampton,3229 Stony Bear Orchard,Pittsburgh,PA
1269,Isaiah,Robertson,6889 Quaking Highlands,West Hartford,CT
1270,Clementine,Carpenter,8538 Tawny Nectar Mount,Memphis,TN
1271,Dillon,Le,9160 Rustic Byway,Fort Collins,CO
1272,Gregory,Moody,2027 Jagged Treasure Drive,Tampa,FL
1273,Hilel,Dillard,540 Burning Goose Nook,Washington,DC
1274,Gannon,Pena,6086 Red Meadow,Indianapolis,IN
1275,Noble,Wong,7253 Blue Isle,Trenton,NJ
1276,Jaime,Blake,2455 Shady Pond Close,Albany,NY
1277,Cherokee,Cameron,9343 Silent Downs,Crawfordsville,IN
1278,Keiko,Carrillo,1748 Hidden Byway,Montgomery,AL
1279,Paul,Gutierrez,3589 Bright Subdivision,Birmingham,AL
1280,Daphne,Gonzales,7613 Lazy Pine Inlet,Washington,DC
1281,Alika,Good,1283 Cozy Orchard,Los Angeles,CA
1282,Nolan,David,8576 Wishing River Common,West Palm Beach,FL
1283,Donovan,Beck,5527 Rustic Limits,Brookhaven,MS
1284,Neve,Mitchell,7093 Umber Dale Villas,Pompano Beach,FL
1285,Rana,Dale,6557 Golden Freeway,Spokane,WA
1286,Merrill,Hogan,5364 Broad Autumn Loop,Oklahoma City,OK
1287,Martina,Leach,5749 Emerald Row,Anchorage,AK
1288,Malcolm,Bridges,2399 Burning Pioneer Trace,Fort Worth,TX
1289,Yoko,Holt,6512 Jagged Circle,Salt Lake City,UT
1290,Leandra,Delaney,9045 Clear Embers Grove,Rochester,NY
1291,Xander,Mcconnell,2855 Grand Harbour,Oklahoma City,OK
1292,Adele,Fletcher,3792 Grand Ridge,Washington,DC
1293,Maryam,Gutierrez,218 Hidden Cloud Cove,Memphis,TN
1294,Mira,Mcintyre,632 Blue Extension,Salt Lake City,UT
1295,Jerome,Oconnor,4348 Pleasant Glen,Anchorage,AK
1296,Gloria,Lewis,8093 Hazy Parkway,Paterson,NJ
1297,Adena,Cox,9858 Gentle Hills Loop,New York,NY
1298,Devin,Clark,3040 Cozy Creek Mall ,Newport,KY
1299,Kelsie,Mckenzie,9136 Lost Street,Nashville,TN
1300,Ariel,Carney,8097 Grand Brook Way,Fort Worth,TX
1301,Amelia,Pace,7609 Misty Autoroute,New York,NY
1302,Kadeem,Carroll,9310 Hazy Orchard,Portland,OR
1303,Daphne,Odonnell,9713 Grand Nectar Ramp,Fort Worth,TX
1304,Ahmed,Tate,1421 Clear Downs,Jamaica,NY
1305,William,Swanson,4200 Old Island Maze,Flushing,NY
1306,Erich,Paul,3173 High Corners,Kansas City,MO
1307,Noah,Adkins,4884 Sunny Front,Philadelphia,PA
1308,Lester,Walsh,1663 Broad Forest Corners,Memphis,TN
1309,Deborah,Rios,4699 Easy Cloud Forest,Montgomery,AL
1310,Isaiah,Mcguire,7589 Golden Blossom Crest,Overland Park,KS
1311,Adele,Cantu,2582 Merry Creek Valley,Richmond,VA
1312,Christian,Rose,9280 Dewy Mountain Villas,Miami,FL
1313,Nehru,Santiago,3608 Quaking Gardens,Jefferson City,MO
1314,Ezra,Mccormick,3027 Broad Moor,Louisville,KY
1315,Allistair,Conrad,3018 Blue Deer Cape,Norfolk,VA
1316,Clayton,Figueroa,9425 Easy Rabbit Inlet,Carson City,NV
1317,Mona,Walter,3266 Hazy Shadow Hill,Chambersburg,PA
1318,Ali,Walker,15 Jagged Grove Parkway,Saint Louis,MO
1319,Jade,Witt,347 Velvet Treasure Vale,Oklahoma City,OK
1320,Beatrice,Gilbert,4604 Sleepy Estates,Wilkes Barre,PA
1321,Guinevere,Mayer,7113 Foggy Corner,Detroit,MI
1322,Jordan,Hendricks,5456 Gentle Butterfly Wood,Los Angeles,CA
1323,Deanna,Black,6363 Little Turnabout,Minneapolis,MN
1324,Byron,Bean,6248 Easy Beacon Parkway,Montgomery,AL
1325,Sage,Fitzgerald,60 Gentle Leaf Knoll,Washington,DC
1326,Hollee,Hayden,5135 Quiet Acres,Sacramento,CA
1327,Yolanda,Chapman,388 Umber Loop,New Orleans,LA
1328,Ella,Hurley,4701 Thunder Ledge,Miami,FL
1329,Madison,Robinson,5318 Middle Lane,Bloomfield Hills,MI
1330,Palmer,Sykes,2987 Heather Grove Highway,Youngstown,OH
1331,Gemma,Malone,4686 Amber Horse Way,Arlington,TX
1332,Erasmus,Craft,9356 Fallen Cloud Byway,New York,NY
1333,Kieran,Dalton,1749 Indian Close,Pittsburgh,PA
1334,Abbot,Woodward,719 Grand Pony Range,San Francisco,CA
1335,Owen,Mercer,3298 Thunder Downs,Phoenix,AZ
1336,Juliet,Wells,2499 Quiet Valley,Salyersville,KY
1337,Colorado,Acosta,7443 Sunny Oak Limits,Idaho Falls,ID
1338,Donovan,Burgess,8834 Middle Crossing,Chicago,IL
1339,Reuben,Rosa,1511 Quaking Village,Trenton,NJ
1340,Candace,Clay,5387 Silent Subdivision,Dayton,OH
1341,Tanner,Stafford,9043 Dewy Horse Promenade,Washington,DC
1342,Suki,Reeves,5820 Silver River Ramp,Houston,TX
1343,Nero,Mcdowell,4283 Pleasant Goose Promenade,Oklahoma City,OK
1344,Harding,Stuart,4044 Pleasant Valley,Melbourne,FL
1345,Dexter,Ramirez,3558 Honey Vista,New York,NY
1346,Colleen,Mccullough,7755 Little Rabbit Crossing,Buffalo,NY
1347,Trevor,Ortega,538 Harvest Swale,Seattle,WA
1348,Kameko,Giles,4140 Noble Dell,Birmingham,AL
1349,Ebony,Pope,7806 Noble Lake Key,Beaumont,TX
1350,Price,Puckett,8169 Iron Highlands,Detroit,MI
1351,Kelsey,Chandler,9843 Green Wagon Street,New York,NY
1352,Reed,Turner,7271 Burning Nectar Close,Springfield,MO
1353,Luke,Crawford,203 Emerald Bluff Corner,Jacksonville,FL
1354,Ivana,Howard,603 Merry Stead,Las Vegas,NV
1355,Cadman,Pugh,1929 Crystal Arbor,Albany,NY
1356,Jena,Pickett,2438 Hidden Fawn Wood,Brooklyn,NY
1357,Merrill,Baldwin,3258 Colonial Freeway,Farmington,MI
1358,Hayes,Walter,7013 Iron Deer Run,Fort Lauderdale,FL
1359,Juliet,Orr,6681 Quiet Extension,Muskegon,MI
1360,Aaron,Lopez,8164 Colonial Promenade,Syracuse,NY
1361,Raya,Mcleod,9726 Wishing Corner,Houston,TX
1362,Walker,Guerrero,1584 Green Island Way,Hartford,CT
1363,Leonard,Rosales,975 Lost Freeway,Miami,FL
1364,Daniel,Mckinney,6994 Hidden Gate,Philadelphia,PA
1365,Renee,Small,579 Cozy Autumn Way,Kansas City,MO
1366,Quinn,Reed,449 Quaking Timber Passage,New Orleans,LA
1367,Jack,Coffey,5100 Amber Barn Island,North Little Rock,AR
1368,Raphael,Walls,4805 Emerald Forest Towers,San Antonio,TX
1369,Macon,Acevedo,9782 Jagged Avenue,Paterson,NJ
1370,Patrick,Fry,8370 Cotton Village,Charleston,WV
1371,Seth,Pate,6820 Green Limits,Atlanta,GA
1372,Melanie,Pittman,8900 Honey Wagon Centre,Norfolk,VA
1373,Ivor,Ward,7899 Rustic Court,Baltimore,MD
1374,Adam,Acosta,8878 Green Rise Turnabout,Fort Lauderdale,FL
1375,Judah,Bowers,6066 Umber Route,Lenexa,KS
1376,Chava,Pruitt,9280 Easy Canyon,Boulder,CO
1377,Candace,Ortega,566 Broad Cape,Washington,DC
1378,Delilah,Pollard,5435 Honey Brook Glen,Cedar Rapids,IA
1379,Aidan,Walters,7467 Crystal Farms,Colorado Springs,CO
1380,Chiquita,Rush,5433 Easy Deer Circuit,Hamilton,OH
1381,Noelani,Vaughn,8147 Cinder Mall ,Washington,DC
1382,Stuart,Ward,4400 Sunny Butterfly Vale,San Jose,CA
1383,Molly,Flores,7870 Silent River Farm,Detroit,MI
1384,Emi,Lyons,5776 Wishing Court,Seattle,WA
1385,Orlando,Richards,1987 Golden Treasure Falls,Roanoke,VA
1386,Igor,Avery,5806 Dewy Barn Bay,Peoria,IL
1387,Trevor,Hodges,658 Cozy Pines,Saint Louis,MO
1388,Minerva,Berg,1659 Middle Timber Farms,Englewood,CO
1389,Farrah,Clemons,5637 Bright Forest Court,Riverside,CA
1390,Driscoll,Dunn,3588 Round Moor,Waterbury,CT
1391,Petra,Boyle,7548 Tawny Falls,Little Rock,AR
1392,Cameron,Castaneda,7922 Crystal By-pass,Columbia,MO
1393,Tyrone,Cleveland,9878 Grand Autumn Pointe,Trenton,NJ
1394,Leilani,Durham,3017 Cinder Ridge,Reading,PA
1395,Irene,Foley,5360 Velvet Rise,Los Angeles,CA
1396,Britanney,Cleveland,9935 Sleepy Goose Wood,San Diego,CA
1397,Conan,Chambers,7835 Bright Square,Pittsburgh,PA
1398,Aubrey,Reynolds,6515 Heather Lagoon End,Springfield,MA
1399,Ian,Flores,3779 Cotton Willow Avenue,Lincoln,NE
1400,Tanisha,Mcmahon,885 Round Wagon Thicket,Philadelphia,PA
1401,India,Tucker,3261 Old Spring Heights,Pottsville,PA
1402,Kelly,Bruce,755 Cozy Beacon Point,San Antonio,TX
1403,Quinn,Rose,2740 Indian Edge,Henrico,VA
1404,Rhona,Moon,3083 Cinder Sky Way,Hialeah,FL
1405,Noble,Bowen,9294 Bright Circuit,Montpelier,VT
1406,Kyra,Barr,3711 Cotton Lookout,Bronx,NY
1407,Coby,Kaufman,7066 Silver Deer Carrefour,Dallas,TX
1408,Zia,Evans,8771 Lazy Panda Gate,Charlotte,NC
1409,Evangeline,Holt,7275 Pleasant Falls,New Orleans,LA
1410,Chaim,Freeman,4162 Hazy Nectar Farms,Portland,OR
1411,Seth,Haynes,6175 Fallen Fox Field,Miami,FL
1412,Hyacinth,Crawford,6817 Foggy Butterfly Expressway,Columbia,SC
1413,Cain,Mason,4215 Lazy Townline,Portland,OR
1414,Warren,York,5470 Sleepy Treasure Edge,Baltimore,MD
1415,Vivien,Goff,4228 Harvest View,Lehigh Acres,FL
1416,Denton,Pearson,8051 Misty Private,Corpus Christi,TX
1417,Igor,Cunningham,6140 Sunny River Limits,Santa Fe,NM
1418,Marny,Banks,384 Old Dale,New York,NY
1419,Hedwig,Paul,849 Dusty Green,Washington,DC
1420,Delilah,Cervantes,9397 Lazy Wharf,Lenexa,KS
1421,Iris,Kaufman,2664 Quaking Valley,Lees Summit,MO
1422,Fletcher,Wagner,6053 Round Green,New York,NY
1423,Lyle,Glenn,7914 Sleepy Mall ,Providence,RI
1424,Ainsley,Grant,3212 Broad Berry Run,San Diego,CA
1425,Victoria,Morris,5056 Fallen Wood,San Antonio,TX
1426,Timothy,Chen,602 Bright Campus,North Charleston,SC
1427,Paul,Lara,1421 Cinder Path,Ogden,UT
1428,Neve,Carter,8084 Blue Island,Detroit,MI
1429,Belle,Stevenson,3574 Amber Jetty,Great Neck,NY
1430,Remedios,Baird,4101 Cozy Dale Hill,Fort Worth,TX
1431,Maggy,Sharp,6275 Velvet Front,Tacoma,WA
1432,Yen,Chang,429 Clear Villas,Milwaukee,WI
1433,Ali,May,9767 Quiet Bluff Maze,Philadelphia,PA
1434,Noelani,Ball,462 Golden Byway,Long Beach,CA
1435,Harding,Fulton,1824 Sunny Spring Bank,Louisville,KY
1436,Ifeoma,Rosario,8137 Misty Oak Square,Kansas City,MO
1437,Brielle,Mcmahon,2527 Rustic Brook Circuit,Pittsburgh,PA
1438,Kessie,Porter,3656 Little Townline,Gaithersburg,MD
1439,Brianna,Moses,675 Rocky Grove Carrefour,New York,NY
1440,Kimberly,Beasley,7892 Shady Horse Cape,Overland Park,KS
1441,Lucian,Collins,9203 Merry Place,Syracuse,NY
1442,Catherine,Terrell,3192 Umber Run,Seattle,WA
1443,Quynn,Saunders,4623 Clear Grounds,Fort Worth,TX
1444,Kyla,Juarez,5865 Cinder Willow Harbour,Shreveport,LA
1445,Eagan,Knapp,1930 Shady Quay,Louisville,KY
1446,Geoffrey,Skinner,8174 Jagged Quail Isle,Toledo,OH
1447,Nita,Jarvis,238 Hazy Ledge,New York,NY
1448,Elizabeth,Frye,62 Fallen Bear Glen,Salt Lake City,UT
1449,Marah,Vargas,1504 Misty Autumn Row,Cincinnati,OH
1450,Ashton,Rose,7548 Wishing Autoroute,New York,NY
1451,Hayden,Booker,8134 Silver Cloud Pike,Brookhaven,MS
1452,Raphael,Farmer,2707 Emerald Embers Abbey,Detroit,MI
1453,Tashya,Flowers,1526 Dewy Bank,Phoenix,AZ
1454,Kamal,Jefferson,836 Foggy Branch Island,Tampa,FL
1455,Donovan,Bonner,852 Stony Panda Wharf,Fort Lauderdale,FL
1456,Sawyer,Owen,5899 Rocky Dale,Pittsburgh,PA
1457,Alan,Mccarty,4505 Middle Creek Glade,Atlanta,GA
1458,Fleur,Vaughn,2824 Bright Barn Townline,Fredericksburg,VA
1459,Hector,Jefferson,7395 Merry Branch Wynd,Los Angeles,CA
1460,September,Jimenez,6743 Lost Pointe,Denver,CO
1461,Rylee,Maddox,2693 Silver Manor,Santa Ana,CA
1462,Flavia,Lewis,176 Harvest Branch Mall ,New York,NY
1463,Brenna,Salas,7672 Quiet Subdivision,Louisville,KY
1464,Gil,Foster,4399 Noble Corners,Boston,MA
1465,Emma,Webb,3040 Blue Farms,Austin,TX
1466,Debra,Patrick,6100 Misty Leaf Nook,Norfolk,VA
1467,Madonna,Dillard,2500 Tawny Quay,Sandy,UT
1468,Briar,Huff,1046 High Glen,Overland Park,KS
1469,Mari,Kerr,2718 Misty Sky Lookout,Dayton,OH
1470,Cassandra,Fulton,7669 Fallen Panda Road,Denver,CO
1471,Unity,Curtis,4640 Easy Log Close,Miami,FL
1472,Desiree,Rhodes,6430 Dewy Bluff Inlet,Los Angeles,CA
1473,Ursa,Pollard,1067 Cozy Mountain Quay,North Hollywood,CA
1474,Ina,Brown,9689 Round Goose Nook,Cleveland,OH
1475,Thor,Chaney,8441 Quiet Chase,Brooklyn,NY
1476,Gregory,Roberts,2213 Hidden Apple Woods,Pueblo,CO
1477,Vanna,Walters,929 High Arbor,Seattle,WA
1478,Dean,Nelson,4942 Harvest Zephyr Farms,Lancaster,PA
1479,Patrick,Garrison,16 Middle Private,Miami,FL
1480,Mark,Hurley,775 Lazy Horse Drive,New York,NY
1481,Arthur,Whitfield,5523 Sleepy Nectar Wynd,Knoxville,TN
1482,Macon,Velez,3612 Little Fawn Abbey,Jackson,MS
1483,Rinah,Mcmahon,4146 Colonial Branch Limits,Charleston,WV
1484,Nina,Kirk,4916 Lazy Ramp,El Paso,TX
1485,Boris,Irwin,5300 Honey Creek Villas,Birmingham,AL
1486,Ashton,Carney,5422 Velvet End,Binghamton,NY
1487,Isaac,Farley,2960 Gentle Farm,Miami,FL
1488,Sacha,Vaughan,8305 Old Island Crescent,Salt Lake City,UT
1489,Aidan,Roman,8743 Cozy Mount,Salt Lake City,UT
1490,Cora,Mccarty,3459 Noble Mountain Bay,Sacramento,CA
1491,Justina,Raymond,7291 Broad Isle,Cincinnati,OH
1492,Cruz,Heath,1131 Colonial Townline,Wilmington,DE
1493,Hanna,Gutierrez,473 Iron Swale,Jackson,MS
1494,Kitra,Dale,4912 Little Ledge,Schenectady,NY
1495,Priscilla,Mitchell,6769 Broad Acres,Fresno,CA
1496,Erasmus,Austin,1865 Rustic Log Bank,Honolulu,HI
1497,Hashim,Cohen,9661 Green Quail Trace,Milwaukee,WI
1498,Zahir,Spears,9830 Rustic Forest,Laurel,MS
1499,Harlan,Atkinson,7117 Golden Deer Canyon,Indianapolis,IN
1500,Alea,Larson,700 Shady Elk Landing,Fort Worth,TX
1501,Aurora,Williams,2904 Indian Pointe,Albuquerque,NM
1502,Ava,Buckner,5774 Velvet Apple Glade,Columbus,OH
1503,Emily,Lloyd,5182 Blue Spring Isle,Philadelphia,PA
1504,Gray,Baker,3958 Silent Pioneer Falls,Fort Lauderdale,FL
1505,Jorden,Mitchell,5139 Fallen Beacon Pike,Houston,TX
1506,Nero,Alvarez,5345 Hidden Rabbit Key,Las Vegas,NV
1507,Marsden,Henderson,5410 Shady Drive,Boston,MA
1508,Lance,Hart,2588 Heather Knoll,Cincinnati,OH
1509,Jonas,Patton,9713 Cozy Apple Diversion,New York,NY
1510,Jade,Cameron,4833 Silent Lake Nook,Salt Lake City,UT
1511,Quinlan,Ramsey,6267 Amber Rise,Shawnee,KS
1512,Charity,Maynard,1399 Pleasant View Line,Long Beach,CA
1513,Xaviera,Byrd,9722 Quiet Robin Link,Los Angeles,CA
1514,Jason,Rich,7763 Jagged Landing,Charlottesville,VA
1515,Kibo,Nieves,384 Pleasant Cider Meadow,Austin,TX
1516,Arden,Rocha,1230 Sleepy Wood,Washington,DC
1517,Marah,Rowe,509 Rocky Island Park,Memphis,TN
1518,Kaye,Ramirez,3070 Hazy Elk Field,Kansas City,MO
1519,Aurora,Conner,8396 Burning Bend,West Palm Beach,FL
1520,Cally,Rivera,5249 Rocky Wharf,Raleigh,NC
1521,Tamekah,Avery,4482 High Berry Expressway,Portland,OR
1522,Lareina,Murray,3135 Rustic Pathway,Los Angeles,CA
1523,Francesca,Mendoza,8281 Harvest View,Murfreesboro,TN
1524,Keely,Mcgee,990 Crystal Boulevard,Billings,MT
1525,Farrah,Browning,6587 Indian Point,Chicago,IL
1526,Hedda,Simmons,4138 Thunder Treasure Subdivision,New York,NY
1527,Orlando,Case,8914 Indian Forest Crescent,Atlanta,GA
1528,Garrett,Roberson,2356 Iron Rabbit Bank,Birmingham,AL
1529,Zahir,Shields,9588 Silent Limits,Madison,WI
1530,Calvin,Santana,5277 Merry Turnabout,Virginia Beach,VA
1531,Shelly,Mercer,6170 Fallen Spring By-pass,Seattle,WA
1532,Petra,Oconnor,2778 Quaking Grove,Birmingham,AL
1533,Hyatt,Sullivan,9992 Merry Lookout,Cincinnati,OH
1534,Julie,Christian,6712 Misty Gate Orchard,Savannah,GA
1535,Mary,Holmes,5411 Foggy Alley,San Bernardino,CA
1536,Francis,Buchanan,6786 Rocky Bear By-pass,Birmingham,AL
1537,Ross,Blackwell,8486 Sunny Impasse,Louisville,KY
1538,Adrian,Case,1686 Grand Inlet,Colorado Springs,CO
1539,Madonna,York,998 Grand View Turnabout,Portland,OR
1540,Zeus,Rivas,1863 Lost Stead,Los Angeles,CA
1541,Kyra,Harrington,5200 Sunny Beacon Limits,Spring,TX
1542,Brenda,Lee,2409 Harvest Berry Square,Columbus,OH
1543,Jemima,Woodard,3139 Misty Woods,Minneapolis,MN
1544,Sebastian,Estrada,6570 Honey Passage,Santa Fe,NM
1545,Hall,Scott,1995 Misty Hickory Landing,Miami,FL
1546,Flynn,Ochoa,8427 Red Wagon Passage,Philadelphia,PA
1547,Kylie,Mccall,6639 Sunny Branch Avenue,New York,NY
1548,Jennifer,Blake,8952 High Leaf Meadow,Albany,NY
1549,Sage,Henry,203 Foggy Shadow Crest,Shawnee,KS
1550,Jack,Salinas,3893 Gentle Anchor Autoroute,Salt Lake City,UT
1551,Devin,Fowler,359 Emerald Road,Philadelphia,PA
1552,Zeph,Mosley,7204 Umber Glen,Oklahoma City,OK
1553,Mallory,Rich,5305 Lost Rise Crossing,Mobile,AL
1554,Mohammad,Moreno,3940 Amber Grounds,Mechanicsburg,PA
1555,Bethany,Phillips,265 High Harbour,Boca Raton,FL
1556,Shoshana,Olson,901 Merry Hollow,Lubbock,TX
1557,Christopher,Carey,5331 Tawny Centre,Arlington,TX
1558,Tarik,Morse,9605 Cinder Stead,Saint Petersburg,FL
1559,Audrey,Lynch,8079 Easy Island Row,Philadelphia,PA
1560,Fiona,Finch,5755 Dusty Campus,Greenville,SC
1561,Hanae,Doyle,150 Old Parade,Houston,TX
1562,Ella,Leach,2536 Honey Bank,Birmingham,AL
1563,Autumn,Copeland,6004 Cozy Crest,Grand Rapids,MI
1564,Nayda,Sheppard,5738 Lazy Quail Field,West Palm Beach,FL
1565,Lyle,Mcgee,9796 Golden Grove,Boise,ID
1566,Merrill,Valdez,8188 Heather Beacon Farm,Columbus,OH
1567,Xandra,Warner,8112 Cozy Anchor Townline,Trenton,NJ
1568,Darryl,Benton,2124 Foggy Nook,Albany,NY
1569,Amy,Edwards,2919 Jagged Willow Carrefour,Winston Salem,NC
1570,Latifah,Jackson,8664 Iron Mountain Wynd,Washington,DC
1571,Ezekiel,Caldwell,5985 Thunder Beacon Beach,Birmingham,AL
1572,Erica,Kennedy,8156 Sleepy Spring Bank,Atlanta,GA
1573,Mia,Hatfield,8441 Round Shadow Subdivision,Jamaica,NY
1574,Keiko,Frost,3488 Middle Wynd,Dallas,TX
1575,Vaughan,Webb,2293 Heather Farms,Providence,RI
1576,Cole,Coffey,4488 Iron Zephyr Circuit,Nashville,TN
1577,Zeph,Stuart,389 Emerald Loop,Milwaukee,WI
1578,Ignacia,Sawyer,9820 Crystal Orchard,Omaha,NE
1579,Paloma,Higgins,4250 Dewy Butterfly Vista,Overland Park,KS
1580,Adam,Bishop,5181 Lazy Cape,Albany,NY
1581,Michael,Dunlap,2634 Noble Robin Range,Saint Petersburg,FL
1582,Lance,Rivers,6147 Bright Walk,New York,NY
1583,Jack,Wilkins,599 Easy Arbor,Salt Lake City,UT
1584,Ashton,Hyde,894 Cozy Bluff Farms,Boston,MA
1585,Catherine,Vang,3500 Emerald Robin Mews,Springfield,MO
1586,Gisela,Valdez,6699 Quiet Beacon Chase,Pompano Beach,FL
1587,Kalia,Jordan,2004 Gentle Boulevard,Newport,KY
1588,Clark,Kaufman,8777 Lost Pine Hill,Cleveland,OH
1589,Yasir,Franco,9633 Emerald Crescent,Oklahoma City,OK
1590,Kareem,Erickson,9058 Rustic Diversion,Houston,TX
1591,Lee,Rose,8605 Round Zephyr Heath,Washington,DC
1592,Arsenio,Booth,1404 Foggy Point,Atlanta,GA
1593,Giselle,Kidd,9521 Red Turnabout,Boca Raton,FL
1594,Maggie,Shepard,2942 Misty Beacon Ledge,Charlotte,NC
1595,Autumn,Tucker,5254 Green Ramp,Austin,TX
1596,Gary,Mills,4325 Red Branch Ridge,Fort Wayne,IN
1597,Katelyn,Elliott,8644 Golden Branch Circuit,Henrico,VA
1598,Herrod,Chavez,2053 Heather Pioneer Ridge,New York,NY
1599,Erica,Hansen,6846 Colonial Butterfly Highway,Houston,TX
1600,Vernon,Padilla,6095 Foggy Canyon,Louisville,KY
1601,Grace,Duncan,3521 Easy Harbour,Naples,FL
1602,Salvador,Giles,7671 Clear Campus,Kansas City,MO
1603,Brady,Kennedy,6377 Quiet Chase,Tulsa,OK
1604,Elaine,Bell,2220 Rustic Willow Ledge,Muncie,IN
1605,Oren,Shepherd,3793 Iron Grove Inlet,Huntington,WV
1606,Chastity,Stephens,1329 Hidden Mountain Cape,Honolulu,HI
1607,Jamalia,Stanton,4053 Jagged Towers,Colorado Springs,CO
1608,Erin,Morris,1940 Jagged Line,Spokane,WA
1609,Tobias,Valenzuela,9577 Red End,Milwaukee,WI
1610,Winifred,Fowler,5724 Pleasant View Quay,Saint Augustine,FL
1611,Patience,Mccarthy,8289 Lost Estates,Houston,TX
1612,Rama,Cunningham,8599 Amber Mountain Avenue,Paterson,NJ
1613,Macaulay,Holt,1270 Silver Wharf,Newark,NJ
1614,Pamela,Albert,7387 Hazy Dale Diversion,Philadelphia,PA
1615,Neve,Graves,1851 Shady Wynd,Indianapolis,IN
1616,Aimee,Baker,8212 Harvest Gate Village,Memphis,TN
1617,Germaine,Mccarty,6868 Jagged Shadow Dale,Salt Lake City,UT
1618,Scarlet,Rodriguez,6202 Lazy Byway,Savannah,GA
1619,Logan,Alston,7819 Sunny Cloud Highlands,Baton Rouge,LA
1620,Hiram,Martinez,2514 Red Zephyr Run,Harrisburg,PA
1621,Kato,Grant,3994 Tawny Hickory Centre,Saint Paul,MN
1622,Igor,Delaney,68 Rocky Loop,Stamford,CT
1623,Joan,Conley,2460 Misty Grounds,Lancaster,PA
1624,Duncan,Gordon,8540 Amber Apple Grove,Chattanooga,TN
1625,Rae,Hahn,6449 Foggy Townline,Saint Louis,MO
1626,Lysandra,Farrell,2016 Foggy Nook,New York,NY
1627,Micah,Navarro,6456 Lost Wood,Corpus Christi,TX
1628,Aileen,Hart,6092 Iron Trail,Pompano Beach,FL
1629,Yuli,Phelps,859 Rocky Corner,Anaheim,CA
1630,Colleen,James,3089 Thunder Pond Mews,Saint Petersburg,FL
1631,Brielle,Payne,7868 Wishing Campus,Providence,RI
1632,Kenneth,Daugherty,4905 Cotton Private,Fort Lauderdale,FL
1633,Sheila,Bruce,4035 Colonial Wagon Boulevard,Savannah,GA
1634,Dexter,Manning,9653 Dewy Quail Lane,North Hollywood,CA
1635,Nora,Conner,9686 Cinder Inlet,San Francisco,CA
1636,Ethan,Jimenez,786 Quiet Pony Landing,Burbank,CA
1637,Aline,Ashley,5802 Gentle Jetty,Springfield,MO
1638,Olivia,Mitchell,3191 Thunder Sky Round,Memphis,TN
1639,Beck,Reyes,7454 Fallen Impasse,Van Nuys,CA
1640,Ina,Stephenson,1247 Dewy Sky Landing,Milwaukee,WI
1641,Troy,Austin,4970 Shady Run,Knoxville,TN
1642,Remedios,Donaldson,5034 Noble Parkway,Pittsburgh,PA
1643,Hamilton,Mckee,9177 Gentle Island,Shawnee,KS
1644,Cassidy,Castro,7344 Dewy Horse Parkway,Greensboro,NC
1645,Martena,Dejesus,5094 Dusty Pathway,San Diego,CA
1646,Jana,Banks,6953 Amber Bear Path,Newport,KY
1647,Lance,Mills,1836 Cozy Woods,Colorado Springs,CO
1648,Raymond,Knapp,3325 Broad Treasure Terrace,Trenton,NJ
1649,Maia,Miller,3192 Hazy Brook Ledge,Colorado Springs,CO
1650,Kay,Everett,4146 Shady Highway,Dayton,OH
1651,Ira,Tillman,4856 Lost Lagoon Bay,Kansas City,MO
1652,Sloane,Knight,9156 Quaking Lake Turnabout,Portland,ME
1653,Eaton,Horne,1022 Noble Fawn Knoll,Detroit,MI
1654,Isabelle,Lowe,9886 Gentle Prairie Place,Salt Lake City,UT
1655,Rylee,Beck,4838 Emerald Timber Lookout,Jacksonville,FL
1656,Yoko,Humphrey,154 Wishing Cider Valley,Alexandria,LA
1657,Burke,Andrews,7979 Stony Creek Ramp,Jackson,MS
1658,Carolyn,Brock,6269 Quaking Loop,El Paso,TX
1659,Sylvia,Calderon,9158 Cinder Link,Washington,DC
1660,Imani,Reilly,8593 Foggy Townline,Santa Fe,NM
1661,Dacey,Dominguez,9008 Gentle Zephyr Trail,North Charleston,SC
1662,Beck,Cantrell,4003 Shady Pioneer Alley,Lebanon,PA
1663,Jonah,Pittman,6650 Golden Centre,Kansas City,MO
1664,Ivana,Tyler,6843 Wishing Hickory Byway,Corpus Christi,TX
1665,Hollee,Briggs,2442 Sunny Abbey,Charlotte,NC
1666,Ishmael,Buchanan,7349 Middle Private,Memphis,TN
1667,Cara,Sweet,3618 Umber Gate,Buffalo,NY
1668,Robin,Mclaughlin,7085 Silent Promenade,Jacksonville,FL
1669,Solomon,Bowen,4792 Amber Pond Point,New Orleans,LA
1670,Larissa,Murphy,7934 Pleasant Mount,Philadelphia,PA
1671,Rinah,Bolton,3564 Velvet Zephyr Heath,Overland Park,KS
1672,Chiquita,Ratliff,3306 Thunder Horse Heights,San Jose,CA
1673,Joelle,Cantu,550 Silent Lake Corner,Hollywood,FL
1674,Liberty,Hansen,1427 Red Way,Tyler,TX
1675,Nina,Crosby,4476 Easy Close,Lancaster,PA
1676,Samson,Lara,6170 Merry Goose Terrace,Wichita,KS
1677,Quinn,Robertson,9167 Blue Pond Corner,Jackson,MS
1678,Eve,Jordan,9570 Wishing Freeway,Charleston,WV
1679,Keaton,Compton,3238 Silver Heights,Lexington,NC
1680,Uma,Wilkinson,5939 Gentle Oak Vale,Erie,PA
1681,TaShya,Pitts,1763 Iron Embers Moor,Montgomery,AL
1682,Burton,Contreras,1958 Shady Lookout,Minneapolis,MN
1683,Celeste,Black,6332 Bright Deer Plaza,Saint Paul,MN
1684,Ursula,Larsen,588 Shady Creek Lookout,Miami,FL
1685,Hilda,Dunn,8077 Colonial Villas,Phoenix,AZ
1686,Patricia,Emerson,3416 Green Elk Ramp,Kansas City,MO
1687,Cynthia,Lester,1184 Rustic Pines,Washington,DC
1688,Sebastian,Cole,2052 Little Sky Landing,Syracuse,NY
1689,Kylie,Arnold,6825 Lost Turnabout,South Lake Tahoe,CA
1690,Nina,Shepherd,3526 Dusty Field,Seattle,WA
1691,Katelyn,Holder,9486 Dewy Drive,San Francisco,CA
1692,Cleo,Carr,5811 Quaking Maze,Meridian,MS
1693,Dorothy,Vaughan,9246 Bright Hills Nook,Saint Paul,MN
1694,Ronan,Oneil,6039 Green Rabbit Limits,New York,NY
1695,Meghan,Talley,2622 Green Island Run,Mission,KS
1696,Ainsley,Oneill,4179 Thunder Gate Field,Houston,TX
1697,Rogan,Roach,9197 Silver Cape,Miami,FL
1698,Odessa,Hahn,9586 Iron Trace,Baton Rouge,LA
1699,Laith,Flowers,102 Middle Shadow Forest,Kansas City,MO
1700,Sigourney,Summers,4605 Pleasant Villas,Springfield,MA
1701,Guinevere,Manning,6815 Clear Vista,Jackson,MS
1702,Leila,Sloan,1078 Noble Autumn Inlet,Baltimore,MD
1703,Nadine,Suarez,7249 Little Pioneer Stead,Oklahoma City,OK
1704,Kieran,Brewer,4065 Blue Panda Wynd,Springfield,IL
1705,Bruce,Mcfarland,6183 Stony Round,Tulsa,OK
1706,Caleb,Kelly,7022 Harvest Leaf Limits,Reno,NV
1707,Neil,Patterson,922 Bright Harbour,El Paso,TX
1708,Daniel,Ware,8741 Wishing Robin Pines,Madison,WI
1709,Rebekah,Gallegos,3631 Round Nectar Extension,Colorado Springs,CO
1710,Donna,Harrell,6434 Silver Grove Mount,Chattanooga,TN
1711,Quintessa,Aguirre,4261 Cotton Woods,Tucson,AZ
1712,Rooney,Willis,9604 Heather Willow Thicket,Roanoke,VA
1713,Phyllis,Daugherty,7297 Merry Harbour,Paterson,NJ
1714,Beau,Anthony,1553 Golden End,Brooklyn,NY
1715,Macy,Joseph,8073 Dusty Zephyr Grove,Springfield,MA
1716,Rudyard,Hinton,8764 Emerald Way,Cleveland,OH
1717,Ciaran,Quinn,9226 Velvet Limits,New York,NY
1718,Ocean,Kramer,784 Pleasant Key,Jamaica,NY
1719,Mia,Graham,4505 Heather Brook Towers,Miami,FL
1720,Rooney,Conway,2628 Lazy Apple Mall ,Madison,WI
1721,Kimberly,Webster,4132 Thunder Horse Court,Miami,FL
1722,Hunter,Cantu,848 Cinder Court,Salt Lake City,UT
1723,Ezekiel,Miles,9857 Emerald Creek Drive,Sacramento,CA
1724,Maxine,Moon,5654 Cotton Pathway,Long Beach,CA
1725,Hunter,Burks,2038 Grand Zephyr Falls,Albany,NY
1726,Emerald,Bowers,26 Wishing Cloud Court,Omaha,NE
1727,Ishmael,Simmons,1810 Middle Prairie Mountain,Albany,NY
1728,Zenia,Williams,4589 Clear Fawn Meadow,Dayton,OH
1729,Alden,Hardy,4477 Indian View Ridge,Bronx,NY
1730,Noble,Pierce,5137 Burning Creek Hill,Cincinnati,OH
1731,Martha,Trevino,9200 Noble Deer Moor,New York,NY
1732,Duncan,Robbins,2208 Jagged Vale,Washington,DC
1733,Edan,Figueroa,9815 Silent Creek Acres,Ft Mitchell,KY
1734,Kevyn,House,3581 Easy Harbour,Saint Petersburg,FL
1735,Nasim,Rush,3343 Sunny Quay,Fresno,CA
1736,Donovan,Meyer,2713 Sunny Mountain,Jackson,MS
1737,Alec,Levy,5558 Shady Corners,Oklahoma City,OK
1738,Guy,Turner,9248 Colonial Campus,Houston,TX
1739,Ginger,Hodges,544 Quaking Freeway,Birmingham,AL
1740,Hannah,Robertson,5550 Umber Rise Swale,Washington,DC
1741,Armando,Singleton,7584 Pleasant Grove Street,Atlanta,GA
1742,Timon,Bradford,3060 Quaking Goose Falls,Orlando,FL
1743,Lane,Brady,5498 Honey Deer End,Terre Haute,IN
1744,Courtney,Blake,7574 Dewy Lookout,Dayton,OH
1745,Oscar,Kramer,4687 Round Cape,York,PA
1746,Kyra,Pena,5447 Rustic Zephyr Jetty,Santa Ana,CA
1747,Darius,Hensley,2935 Rocky Corners,New York,NY
1748,Flavia,Flynn,258 Thunder Spring Road,Washington,DC
1749,Kay,Gilliam,4911 Dusty Rise,Louisville,KY
1750,Kirk,Brennan,54 Easy Autumn Acres,Fort Worth,TX
1751,Keefe,Mitchell,8080 Velvet Elk Trace,Little Rock,AR
1752,Justine,Yang,651 Golden Embers Beach,West Terre Haute,IN
1753,Salvador,Dale,1829 Umber Inlet,Tacoma,WA
1754,Nyssa,Maldonado,4832 Foggy Pine Street,Fort Collins,CO
1755,Deacon,Delacruz,4728 Tawny Fawn Abbey,New York,NY
1756,Lois,Gill,8841 Cotton Prairie Maze,New York,NY
1757,Aileen,Kelley,2450 Iron Mountain Island,Birmingham,AL
1758,Kirby,Benton,3481 Quaking Barn Mall ,Fort Worth,TX
1759,Ursula,Ashley,3338 Thunder Beacon Pike,Milwaukee,WI
1760,Ezekiel,Delaney,3831 Rocky Branch Downs,Evansville,IN
1761,Mohammad,Salazar,7203 Old Place,San Diego,CA
1762,Marah,Warren,622 Grand Boulevard,Hot Springs National Park,AR
1763,Harding,Lott,9460 Burning Branch Downs,Providence,RI
1764,Zeus,Workman,7931 Stony Shadow Parade,Madison,WI
1765,Martena,Palmer,1177 Hidden Woods,Portland,OR
1766,Venus,Little,6453 Cozy Zephyr Common,San Jose,CA
1767,Katelyn,Hunter,3326 Harvest Run,Washington,DC
1768,Nevada,Irwin,1199 Pleasant Mountain Centre,Los Angeles,CA
1769,Naida,Branch,9463 Gentle Pony Port,Atlanta,GA
1770,Graham,Wilcox,5342 Silent Prairie Park,Greenville,SC
1771,Gil,French,8154 Round Treasure Circle,Birmingham,AL
1772,Geraldine,Hunter,1129 Cozy Swale,Erie,PA
1773,Bruno,Guy,5333 Round Willow Meadow,Stockton,CA
1774,Kibo,Ayala,4986 Rocky Knoll,Reno,NV
1775,Melodie,Singleton,3351 Misty Berry Village,Roanoke,VA
1776,Deborah,Hurst,9437 Hazy Bend,New York,NY
1777,Ivory,Leblanc,9416 Bright Panda Manor,New York,NY
1778,Christine,Bryant,9970 Cotton Line,Atlanta,GA
1779,Nero,Fleming,2859 Misty Blossom Circuit,Kansas City,KS
1780,Naomi,Rosa,4256 Red Green,Kansas City,KS
1781,Clark,Rios,7306 Iron Lagoon Boulevard,Orlando,FL
1782,Hadassah,Vasquez,3027 Noble Gardens,Lancaster,CA
1783,Gillian,Albert,5032 Silver Heath,Kansas City,KS
1784,Charlotte,Conley,2511 Colonial Treasure Grounds,Des Moines,IA
1785,Reagan,Coleman,4551 Dusty Thicket,Cincinnati,OH
1786,Mary,Meyers,2408 Noble Canyon,Kansas City,MO
1787,Brooke,Romero,5563 Shady Cider Avenue,Charleston,WV
1788,Tobias,Dyer,5999 Broad Nectar Thicket,Cleveland,OH
1789,Idona,Slater,8949 Lazy Treasure Bay,Fort Worth,TX
1790,Whitney,Russell,1674 Silent Rise Alley,Richmond,VA
1791,Eaton,Vincent,9162 Foggy Hickory Freeway,Saint Paul,MN
1792,Stuart,Rogers,5504 Hazy Quail Boulevard,Cincinnati,OH
1793,Ursa,Warner,3904 Rustic Mount,New York,NY
1794,Cally,Dotson,7486 Sleepy Blossom Via,Fredericksburg,VA
1795,Melissa,Santana,9461 Gentle Elk Road,Portland,OR
1796,Cadman,Rodriguez,8382 Thunder Barn Boulevard,Williamsport,PA
1797,Levi,Hampton,454 Emerald Passage,Fort Wayne,IN
1798,Brett,Tran,4507 Silent Oak Park,Bremerton,WA
1799,Ivy,Patton,8697 Dewy Heath,New York,NY
1800,Abdul,Wilkerson,8092 Tawny Elk Grounds,Miami,FL
1801,Winter,Workman,3357 Blue Cloud Circle,Chicago,IL
1802,Marny,Lindsay,1143 Hazy Run,Houston,TX
1803,Ezekiel,Talley,6911 Tawny Berry Meadow,Bethesda,MD
1804,Mary,Schmidt,9099 Lazy Close,Hialeah,FL
1805,Brian,Barnett,2136 Hazy By-pass,Huntington,WV
1806,Carlos,Madden,4534 Heather Swale,Pittsburgh,PA
1807,Zephania,Walker,6263 Cinder Manor,Buffalo,NY
1808,Mallory,Barnes,1380 Blue Bank,Jackson,MS
1809,Emily,Carney,6213 Colonial Blossom Ledge,Philadelphia,PA
1810,Marny,Petersen,4607 Foggy Run,Rochester,NY
1811,Hayes,Alford,3178 Heather Drive,Wilmington,DE
1812,Dacey,Jennings,6970 Burning Forest Mall ,New York,NY
1813,Dai,Byrd,5192 Golden Pond View,Colorado Springs,CO
1814,Sonia,Castaneda,9886 Old Willow Circle,Fort Lauderdale,FL
1815,Arthur,Ballard,3996 Golden Log Parkway,Saint Petersburg,FL
1816,Gisela,Puckett,6129 Crystal Grove,Canton,OH
1817,Igor,Merrill,5756 Jagged Forest Grounds,Fort Lauderdale,FL
1818,Jordan,Buckner,2839 Sunny Zephyr Route,Lincoln,NE
1819,September,Kirby,9350 Clear Pine Moor,Salt Lake City,UT
1820,Herrod,Lucas,6049 Umber View,New York,NY
1821,Britanney,King,4346 Silver Brook Highway,Overland Park,KS
1822,Kameko,Mayer,5599 Middle Subdivision,Akron,OH
1823,Kaseem,Mays,1694 Little Crest,Billings,MT
1824,Jennifer,Mccarty,9677 Jagged Rise By-pass,Saint Petersburg,FL
1825,August,Saunders,3014 Amber Port,Atlanta,GA
1826,Jermaine,Hyde,9983 Indian River Moor,Colorado Springs,CO
1827,Kirby,Britt,2428 Burning Pioneer Parkway,Crawfordsville,IN
1828,Kenyon,Harper,2863 Red Anchor Range,Baltimore,MD
1829,Timon,Sosa,7607 Sleepy Freeway,Washington,DC
1830,Charde,Clayton,6022 Crystal Villas,Stamford,CT
1831,Blythe,Mcintosh,2267 Cinder Ridge,Terre Haute,IN
1832,Yuri,English,1596 Crystal Sky Bend,Erie,PA
1833,Noelle,Mercer,7766 Shady Cloud Cape,Chicago,IL
1834,Harper,Small,54 Broad Lake Centre,Birmingham,AL
1835,Igor,May,2808 Round Chase,Greensboro,NC
1836,Walker,Murray,3157 Little Field,Mission,KS
1837,Oren,Berg,2086 Iron View Private,Cleveland,OH
1838,Barclay,Sweet,5132 Foggy Lake Trail,San Francisco,CA
1839,Brooke,Huber,1133 Sunny Run,Lenexa,KS
1840,Luke,Hood,3671 Crystal Quail Crescent,Atlanta,GA
1841,Tashya,Osborn,7693 Indian Cider Chase,Dayton,OH
1842,Cassady,Walls,3396 Quaking Lookout,Nashville,TN
1843,Mari,Woodard,1769 Dusty Goose Carrefour,Birmingham,AL
1844,Leigh,Trujillo,159 Amber Jetty,Fresno,CA
1845,Jack,Acosta,9953 Umber Zephyr Via,Houston,TX
1846,Aretha,Barber,3922 Umber Pond Range,South Lake Tahoe,CA
1847,Alisa,Livingston,5067 Little Hills Bank,Colorado Springs,CO
1848,Savannah,Collier,1517 High Fawn Farm,Columbus,GA
1849,Eric,Harmon,9754 Stony Robin Orchard,Pittsburgh,PA
1850,Bernard,Beach,5034 Stony Harbour,Saint Paul,MN
1851,Graham,Ferguson,1526 Velvet Road,Baytown,TX
1852,Nicole,Joseph,3599 Merry Panda Bank,Albuquerque,NM
1853,Desiree,Sloan,2070 Fallen Hollow,Austin,TX
1854,Nicole,Figueroa,1424 Emerald Butterfly Round,Los Angeles,CA
1855,Sopoline,Glenn,3351 Harvest Prairie Wood,Scranton,PA
1856,Rylee,Chan,3015 Round Sky Cove,Colorado Springs,CO
1857,Cadman,Hamilton,6020 Cozy View Key,Anchorage,AK
1858,Kelsie,Pierce,9117 Silver Rise,Dallas,TX
1859,Alice,Ochoa,8834 Pleasant Path,Jacksonville,FL
1860,Charissa,Lang,8874 Cotton Bluff Falls,Houston,TX
1861,Nadine,Flores,5375 Red Beacon Range,South Lake Tahoe,CA
1862,Fulton,Harper,3197 Silver Falls,Van Nuys,CA
1863,Jerome,Tucker,5948 Amber Park,Norfolk,VA
1864,Shannon,Witt,3568 Hidden Pines,Toledo,OH
1865,Candice,Jennings,7952 Crystal Boulevard,Louisville,KY
1866,Reagan,Parrish,3084 Fallen Beacon Centre,Topeka,KS
1867,Ezra,Ortega,4510 Noble Lane,Columbia,MO
1868,Daria,Goff,3794 Fallen Willow Trail,Salt Lake City,UT
1869,Angelica,Le,5253 Dusty Dale Beach,Saint Louis,MO
1870,MacKenzie,Watson,9590 Hidden Woods,Harrisburg,PA
1871,Dorian,Graham,2001 Thunder Pioneer Forest,Charlottesville,VA
1872,Sheila,Torres,440 Crystal Pike,Sioux Falls,SD
1873,Giselle,Rodriquez,8993 Burning Brook Quay,San Diego,CA
1874,Dorian,Sharp,6801 Velvet Drive,Hattiesburg,MS
1875,Rahim,Cherry,733 Quaking Mountain Knoll,New York,NY
1876,Geraldine,Ferrell,1778 Cotton Spring Mountain,Santa Fe,NM
1877,Kitra,Glover,4227 Sleepy Blossom Close,Sacramento,CA
1878,Mufutau,Patterson,9837 Jagged Goose Thicket,San Diego,CA
1879,Igor,Lynn,1771 Quiet View Manor,Austin,TX
1880,Whitney,Caldwell,2161 Bright Jetty,Gilmer,TX
1881,Jordan,Alexander,3987 Indian Ledge,Sacramento,CA
1882,Ulric,Anderson,2007 Dewy Court,Lakewood,WA
1883,Brynn,Palmer,5990 Fallen Leaf Valley,Sacramento,CA
1884,Beverly,Jennings,1066 Clear Freeway,Hyattsville,MD
1885,Isadora,Velazquez,9587 Hazy Manor,Miami,FL
1886,Ingrid,Payne,975 High Glade,Milwaukee,WI
1887,Steel,Blevins,9568 Cinder Gate,El Paso,TX
1888,Rama,Quinn,8133 Indian Pines,Jefferson City,MO
1889,Cade,Pope,8801 Blue Private,Hartford,CT
1890,Julie,Cantu,5667 Red Edge,Milwaukee,WI
1891,Quinlan,Heath,8394 Jagged Concession,Houston,TX
1892,Buffy,Franco,3774 Pleasant Thicket,Houston,TX
1893,Kaden,Carver,7099 Stony Treasure Dale,Dallas,TX
1894,Lani,Taylor,3118 Round Quail Freeway,Port Orchard,WA
1895,Callie,Rivers,9000 Grand Abbey,New York,NY
1896,Ulysses,Vaughan,3153 Quaking Embers Circuit,Hyattsville,MD
1897,Armand,Boyle,843 Silver Lane,Akron,OH
1898,Walter,Duke,853 Old Gate Court,Bremerton,WA
1899,Sarah,Taylor,225 Foggy Front,Paterson,NJ
1900,Yael,Sweet,9604 Old Mountain,Lexington,NC
1901,Sonya,Brown,8 Cinder Rise,Jackson,MS
1902,Mona,Perkins,8103 Clear Limits,East Saint Louis,IL
1903,Sylvester,James,3545 Shady Wagon Pines,North Little Rock,AR
1904,Lila,Mckee,4581 Lazy Pond Pointe,Hamilton,OH
1905,Zenia,Sloan,5621 Sleepy Lake Lookout,Fort Collins,CO
1906,Xander,Bates,1659 Rustic Forest Village,Kansas City,MO
1907,Diana,Aguirre,5876 Honey Lagoon Beach,Spring,TX
1908,Suki,Martinez,89 Rocky Canyon,Buffalo,NY
1909,Candice,Quinn,5739 Broad Hill,Charleston,WV
1910,Rajah,Schneider,2296 Velvet Pine Turnabout,New York,NY
1911,Herrod,Rios,3923 Honey Creek Line,Fort Lauderdale,FL
1912,Ross,Henson,7652 High Vista,Portland,OR
1913,Sylvia,Graves,1580 Dewy Leaf Pathway,Kansas City,MO
1914,Stacy,Le,1006 Harvest Grove,Virginia Beach,VA
1915,Idona,Woods,6912 Cotton Mews,San Francisco,CA
1916,Maisie,Hood,5755 Cotton Pathway,Louisville,KY
1917,Charissa,Gould,46 Round Common,Oklahoma City,OK
1918,Minerva,Grimes,3178 Emerald Terrace,Syracuse,NY
1919,Ina,Reilly,7848 Silent Nectar Moor,Pueblo,CO
1920,Benedict,Carney,1718 Honey Promenade,Washington,DC
1921,Samantha,Humphrey,478 Lazy Arbor,Fredericksburg,VA
1922,Melvin,Roberson,8764 Emerald Hills Quay,Miami,FL
1923,Paula,Leonard,5706 Green Cloud Pathway,Louisville,KY
1924,Cathleen,Goodman,1250 Umber Panda Wharf,Young America,MN
1925,Karleigh,Moody,6039 Rustic Lake Row,Hartford,CT
1926,George,Norman,2549 Crystal Rabbit Port,New York,NY
1927,Price,Beck,8407 Dewy Farm,Little Rock,AR
1928,Anne,Maxwell,7374 Umber Grove,Denver,CO
1929,Chanda,Lindsey,8817 Broad Acres,Los Angeles,CA
1930,Chester,Malone,5101 Stony Crossing,Salt Lake City,UT
1931,Hanna,Brock,9425 Colonial Fawn Valley,New York,NY
1932,Buffy,Moses,3727 Misty Trail,Trenton,NJ
1933,Beatrice,Jenkins,3098 Middle Estates,Roanoke,VA
1934,Rhiannon,Kirby,6098 Merry Port,Brooklyn,NY
1935,Raya,Watkins,9627 Middle Rise Wynd,Portland,OR
1936,Candice,Farrell,8178 Round Wagon Extension,Santa Fe,NM
1937,Maisie,Cohen,4687 Red Gate Expressway,New York,NY
1938,Mufutau,Buckley,2055 Clear Place,Washington,DC
1939,Yael,Abbott,6481 Emerald Autoroute,Hartford,CT
1940,Madeson,Knowles,2951 Sunny Link,Tampa,FL
1941,Kathleen,Mays,9657 Amber Fawn Corners,Saint Louis,MO
1942,Xandra,Marquez,9781 Stony Pond Close,Pittsburgh,PA
1943,Zahir,Fisher,7082 Broad Moor,Salt Lake City,UT
1944,Jordan,Mcclain,3621 Gentle Highlands,Nashville,TN
1945,Keelie,Blackwell,77 Cinder Dale,New York,NY
1946,Byron,Wooten,2163 Easy Bluff Glade,Chicago,IL
1947,Quincy,Terry,2202 Dusty Hills Pointe,New York,NY
1948,Aspen,Bishop,8741 Foggy Elk Crest,Arlington,VA
1949,Sean,York,277 Crystal Brook Pike,Kansas City,MO
1950,Paula,Browning,6177 Heather Carrefour,Denver,CO
1951,Price,Burris,1593 Velvet Pony Vale,Hyattsville,MD
1952,Harper,Carpenter,9670 Broad View Cape,Saint Paul,MN
1953,Imogene,Guy,2526 Lost Lookout,Saint Louis,MO
1954,Laurel,Gordon,136 Tawny Villas,Syracuse,NY
1955,Abra,Mills,3197 Thunder Link,Cincinnati,OH
1956,Taylor,House,2508 Tawny Parkway,Miami,FL
1957,Yen,Bridges,5670 Old Crossing,Oklahoma City,OK
1958,Haviva,Mejia,2263 Indian Robin Towers,Ogden,UT
1959,Shana,Jarvis,7355 Fallen Berry Isle,El Paso,TX
1960,Malachi,Terry,6232 Cozy Grove,New York,NY
1961,Anika,Sullivan,9885 Indian Route,Chicago,IL
1962,John,Garrison,8214 Burning Willow Freeway,Raleigh,NC
1963,Alexis,Madden,4246 Sleepy Front,Houston,TX
1964,Bryar,Green,9966 Easy Dale,Austin,TX
1965,Maryam,Young,4968 Rocky Close,Fredericksburg,VA
1966,Jamal,James,8554 Wishing Path,Springfield,IL
1967,Jarrod,Casey,3107 Honey Berry Knoll,Indianapolis,IN
1968,Warren,Chaney,9693 Burning Impasse,Newark,NJ
1969,Yardley,Mills,6821 Dusty Crossing,Philadelphia,PA
1970,Alexander,Macias,615 Red Bluff Crest,Spring,TX
1971,Illana,Knox,9167 Noble Avenue,Springfield,MA
1972,Angelica,Mosley,6974 Crystal Bend,Gaithersburg,MD
1973,Tana,Conley,6217 Grand Path,Indianapolis,IN
1974,Anastasia,Vance,9531 Burning Thicket,New York,NY
1975,Vivien,Gilmore,3635 Blue Wagon Woods,Reno,NV
1976,Kennedy,Reid,1539 Silent Run,Dallas,TX
1977,Jasper,Townsend,5985 Green Crescent,Pittsburgh,PA
1978,Wang,Short,4045 Rocky Lake Maze,Dayton,OH
1979,Geraldine,Bentley,1574 Cinder Gardens,Wichita,KS
1980,Adena,Pope,8368 Golden Mountain Boulevard,Bronx,NY
1981,Branden,Daniel,2361 Rocky Embers Front,Austin,TX
1982,Naida,Head,489 Round Pioneer Field,Millington,TN
1983,Bo,Ochoa,5053 Round Pike,Saint Louis,MO
1984,Jillian,Tucker,8818 Tawny Rabbit Plaza,Carson City,NV
1985,Cherokee,Waller,8930 Foggy By-pass,Pittsburgh,PA
1986,Rebekah,Dodson,1904 Crystal Ledge,Salt Lake City,UT
1987,Nita,Farley,3714 High Hickory Jetty,Miami,FL
1988,Barrett,Vega,3202 Middle Anchor Pines,Cleveland,OH
1989,Denton,Craig,6601 Heather Farms,New York,NY
1990,Chloe,Strickland,1972 Umber Apple Alley,Montgomery,AL
1991,Nayda,Ryan,3970 Rustic Pines,Hartford,CT
1992,Ifeoma,Estes,8588 Little Pond Pike,Littleton,CO
1993,Marshall,Stafford,5847 Velvet Barn Gate,Fort Wayne,IN
1994,Rhoda,Bernard,8963 Dewy Quay,Harrisburg,PA
1995,Dieter,Marks,6033 Cinder Fawn Edge,Cleveland,OH
1996,Jackson,Stanley,1535 Umber Quail Common,New Orleans,LA
1997,Lydia,Morgan,5619 Hidden Apple Gate,Birmingham,AL
1998,Mary,Summers,8534 Lazy Townline,Greensboro,NC
1999,Zena,Barnes,80 Pleasant Pointe,Salyersville,KY
2000,Quyn,Suarez,4074 Harvest Berry Circle,Washington,DC